Week,Start_date,End_date,Name_ID
39,27.09.21,01.10.21,AA1
39,27.09.21,01.10.21,RH1
40,04.10.21,08.10.21,TM1
40,04.10.21,08.10.21,JG1
41,11.10.21,15.10.21,ES1
41,11.10.21,15.10.21,SA1
42,18.10.21,22.10.21,MT1
42,18.10.21,22.10.21,GF1
43,25.10.21,29.10.21,VHS1
43,25.10.21,29.10.21,UK1
44,01.11.21,05.11.21,AA1
44,01.11.21,05.11.21,RH1
45,08.11.21,12.11.21,TM1
45,08.11.21,12.11.21,JG1
46,15.11.21,19.11.21,ES1
46,15.11.21,19.11.21,SA1
47,22.11.21,26.11.21,MT1
47,22.11.21,26.11.21,GF1
48,29.11.21,03.12.21,VHS1
48,29.11.21,03.12.21,UK1
49,06.12.21,10.12.21,AA1
49,06.12.21,10.12.21,RH1
50,13.12.21,17.12.21,TM1
50,13.12.21,17.12.21,JG1